Keyword,Popularity,Difficulty,Effectiveness,% of Search Downloads,Search Downloads,Apps,Ranking Group
timer,60,65,12,—,,219,2-5
interval timer,55,49,35,7.5%,,223,2-5
seconds interval timer,38,28,42,0.8%,,211,2-5
workouts,33,52,21,—,,229,2-5
flex timer,24,23,44,12%,,227,2-5
sezzy timer,24,32,33,4.6%,,201,2-5
workout interval timer,20,25,34,3.5%,,242,2-5
workout timer custom intervals,18,38,25,1.3%,,246,2-5
sunny health fitness,15,16,37,4.1%,,211,2-5
time interval,13,23,35,1.6%,,228,2-5
interval timer free,38,25,51,2.5%,,239,6-10
workout timer,35,30,41,1.5%,,243,6-10
hiit timer,34,32,41,0.7%,,236,6-10
workout timer free,33,28,42,2.1%,,250,6-10
seconds,29,37,31,0.6%,,237,6-10
seconds pro,28,32,33,1.1%,,232,6-10
timer plus,28,28,34,1.1%,,234,6-10
hiit,27,55,20,—,,239,6-10
circuit timer,27,25,43,1.6%,,227,6-10
tabata free,26,24,43,1%,,248,6-10
workout,61,67,11,—,,233,11-20
studio,53,59,19,—,,241,11-20
tabata timer,44,36,39,—,,233,11-20
smartwod timer,40,36,39,—,,214,11-20
interval,36,53,20,0%,,244,11-20
timer for workouts,33,29,42,—,,232,11-20
crossfit timer,30,31,33,—,,233,11-20
simple interval timer,29,34,32,—,,232,11-20
interval running,29,35,32,—,,223,11-20
wod timer,28,41,30,—,,226,11-20
contraction tracker timer,49,25,51,—,,228,21-50
watch apps,47,33,40,—,,241,21-50
da fit watch,40,31,41,—,,221,21-50
gloryfit watch,37,32,41,—,,234,21-50
timer tabata,36,35,40,—,,234,21-50
tiner,32,100,4,—,,241,21-50
jumprope,32,24,55,—,,173,21-50
tabata,31,48,36,—,,233,21-50
0 60 timer,30,25,43,—,,242,21-50
jump rope,30,43,30,—,,201,21-50
timer app,29,31,33,—,,245,21-50
stop watch timer,28,30,33,—,,228,21-50
free fitness apps,28,52,21,—,,250,21-50
workout apple watch,25,32,33,—,,236,21-50
kettle bell workout,25,14,46,—,,212,21-50
med timer apple watch,24,25,43,—,,217,21-50
sprint timer,23,48,28,—,,229,21-50
stopwatch timer,23,25,43,—,,244,21-50
watch tracker collection,23,22,44,—,,235,21-50
whoop 5 0,23,24,43,—,,229,21-50
tabata timer pro,21,25,43,—,,233,21-50
run interval,21,39,31,—,,211,21-50
free timer,21,26,34,—,,249,21-50
apple fitness plus,20,31,26,—,,223,21-50
timeer,18,34,26,—,,250,21-50
free tabata timer,18,26,27,—,,243,21-50
watch apple,17,30,26,—,,246,21-50
timer for ipad,16,23,35,—,,240,21-50
tabata timer training,16,28,27,—,,217,21-50
seconds pro interval timer,16,38,25,—,,211,21-50
liu,16,33,26,—,,235,21-50
hiit app,15,42,24,—,,241,21-50
exercise app,15,39,25,—,,245,21-50
apple watches,15,31,26,—,,231,21-50
loop timer,14,26,27,—,,235,21-50
emom,14,25,34,—,,215,21-50
hitt,14,29,27,—,,236,21-50
fitness plus,14,28,27,—,,222,21-50
boxing timer free,14,21,35,—,,218,21-50
fitnesstime,14,42,24,—,,199,21-50
تمرينات,14,31,26,—,,241,21-50
time box,14,23,35,—,,224,21-50
apple exercise,13,42,24,—,,238,21-50
apple smart watch,13,35,25,—,,237,21-50
timing app,13,27,27,—,,240,21-50
tabata hiit,13,33,26,—,,228,21-50
timer hiit,13,32,26,—,,241,21-50
interval running app,13,35,25,—,,212,21-50
timet,13,31,26,—,,247,21-50
rest timer,13,29,27,—,,226,21-50
idle workout,13,30,26,—,,222,21-50
10 minute workout short intense fitness workouts,13,24,35,—,,223,21-50
health fitness,13,54,16,—,,245,21-50
tone pacer pro,7,34,6,—,,214,21-50
